Workbook

Sheet Sheet1
A1: NOMBRE_CORTO_POZO | B1: PROD_DT | C1: HORAS_DE_PARO | D1: RUBRO | E1: GRAN_RUBRO | F1: PERDIDA_PETROLEO | G1: _norm_name | H1: PROD_OIL_24 | I1: fecha_PU | J1: fecha_EDT | K1: P_EDT
A2: LLL-1396(h) | B2: 45902 | C2: 24 | D2: Espera Requerimiento Tractor | E2: ESPERA TRACTOR | F2: 6.2 | G2: lll-1396 | H2: 37.14 | J2: 45839 | K2: 192.2
A3: LLL-1396(h) | B3: 45902 | C3: 24 | D3: Espera Requerimiento Tractor | E3: ESPERA TRACTOR | F3: 6.2 | G3: lll-1396 | H3: 37.14 | J3: 45870 | K3: 192.2
A4: LLL-1396(h) | B4: 45902 | C4: 24 | D4: Espera Requerimiento Tractor | E4: ESPERA TRACTOR | F4: 6.2 | G4: lll-1396 | H4: 37.14 | J4: 45901 | K4: 186
A5: LLL-1396(h) | B5: 45902 | C5: 24 | D5: Espera Requerimiento Tractor | E5: ESPERA TRACTOR | F5: 6.2 | G5: lll-1396 | H5: 37.14 | J5: 45931 | K5: 192.2
A6: LLL-1396(h) | B6: 45902 | C6: 24 | D6: Espera Requerimiento Tractor | E6: ESPERA TRACTOR | F6: 6.2 | G6: lll-1396 | H6: 37.14 | J6: 45962 | K6: 186
A7: LLL-1396(h) | B7: 45902 | C7: 24 | D7: Espera Requerimiento Tractor | E7: ESPERA TRACTOR | F7: 6.2 | G7: lll-1396 | H7: 37.14 | J7: 45992 | K7: 192.2
A8: LLL-1548(h) | B8: 45902 | C8: 24 | D8: Espera Requerimiento Tractor | E8: ESPERA TRACTOR | F8: 32 | G8: lll-1548 | H8: 32 | J8: 45839 | K8: 992
A9: LLL-1548(h) | B9: 45902 | C9: 24 | D9: Espera Requerimiento Tractor | E9: ESPERA TRACTOR | F9: 32 | G9: lll-1548 | H9: 32 | J9: 45870 | K9: 992
A10: LLL-1548(h) | B10: 45902 | C10: 24 | D10: Espera Requerimiento Tractor | E10: ESPERA TRACTOR | F10: 32 | G10: lll-1548 | H10: 32 | J10: 45901 | K10: 960
A11: LLL-1548(h) | B11: 45902 | C11: 24 | D11: Espera Requerimiento Tractor | E11: ESPERA TRACTOR | F11: 32 | G11: lll-1548 | H11: 32 | J11: 45931 | K11: 992
A12: LLL-1548(h) | B12: 45902 | C12: 24 | D12: Espera Requerimiento Tractor | E12: ESPERA TRACTOR | F12: 32 | G12: lll-1548 | H12: 32 | J12: 45962 | K12: 960
A13: LLL-1548(h) | B13: 45902 | C13: 24 | D13: Espera Requerimiento Tractor | E13: ESPERA TRACTOR | F13: 32 | G13: lll-1548 | H13: 32 | J13: 45992 | K13: 992
... A367: SOil-370(h) | B367: 45902 | C367: 24 | D367: Con Tractor - Interferencia | E367: ASEGURAMIENTOS POR INTERFERENCIA | F367: 0 | G367: soil-370 | H367: 0 | J367: 45992 | K367: 0

Sheet Hoja1
D1: {=+_xlfn.UNIQUE(Sheet1!A:A)} -> NOMBRE_CORTO_POZO | E1: Caudal
D2: LLL-1396(h) | E2: =+_xlfn.XLOOKUP(D2,Sheet1!A:A,Sheet1!$H:$H) -> 37.14
D3: LLL-1548(h) | E3: =+_xlfn.XLOOKUP(D3,Sheet1!A:A,Sheet1!$H:$H) -> 32
D4: SOil-229(h) | E4: =+_xlfn.XLOOKUP(D4,Sheet1!A:A,Sheet1!$H:$H) -> 24.75
D5: LLL-1314(h) | E5: =+_xlfn.XLOOKUP(D5,Sheet1!A:A,Sheet1!$H:$H) -> 22.23
D6: LLL-1393(h) | E6: =+_xlfn.XLOOKUP(D6,Sheet1!A:A,Sheet1!$H:$H) -> 21.04
D7: SOil-330(h) | E7: =+_xlfn.XLOOKUP(D7,Sheet1!A:A,Sheet1!$H:$H) -> 20.52
D8: LACh-66(h) | E8: =+_xlfn.XLOOKUP(D8,Sheet1!A:A,Sheet1!$H:$H) -> 18.76
D9: LLL-990(h) | E9: =+_xlfn.XLOOKUP(D9,Sheet1!A:A,Sheet1!$H:$H) -> 15.93
D10: SOil-177(h) | E10: =+_xlfn.XLOOKUP(D10,Sheet1!A:A,Sheet1!$H:$H) -> 15
D11: LACh-45(h) | E11: =+_xlfn.XLOOKUP(D11,Sheet1!A:A,Sheet1!$H:$H) -> 14.79
D12: LLL-1559(h) | E12: =+_xlfn.XLOOKUP(D12,Sheet1!A:A,Sheet1!$H:$H) -> 14.42
D13: LACh-26(h) | E13: =+_xlfn.XLOOKUP(D13,Sheet1!A:A,Sheet1!$H:$H) -> 13.82
... D62: SOil-370(h) | E62: =+_xlfn.XLOOKUP(D62,Sheet1!A:A,Sheet1!$H:$H) -> 0
D63: 0 | E63: =+_xlfn.XLOOKUP(D63,Sheet1!A:A,Sheet1!$H:$H) -> #N/A
